Player_ID,Date,Total_Distance_m,High_Speed_Running_m,Sprint_Distance_m,Injury_Occurred
P001,2026-01-01,8926,1161,421,0
P001,2026-01-02,8782,897,427,0
P001,2026-01-03,10284,826,323,0
P001,2026-01-04,8438,827,293,0
P001,2026-01-05,6263,450,212,0
P001,2026-01-06,7614,1061,178,0
P001,2026-01-07,7015,1407,246,0
P001,2026-01-08,9235,540,214,0
P001,2026-01-09,9300,622,306,0
P001,2026-01-10,8232,880,208,0
P001,2026-01-11,11912,963,163,0
P001,2026-01-12,10367,601,290,0
P001,2026-01-13,6194,569,288,0
P001,2026-01-14,10241,1018,257,0
P001,2026-01-15,8682,523,197,0
P001,2026-01-16,8442,1284,303,0
P001,2026-01-17,6489,1064,230,0
P001,2026-01-18,8118,1151,372,0
P001,2026-01-19,10530,715,238,0
P001,2026-01-20,9630,1260,221,0
P001,2026-01-21,8855,635,149,0
P001,2026-01-22,10352,1374,261,0
P001,2026-01-23,10639,1076,204,0
P001,2026-01-24,9675,1428,265,0
P001,2026-01-25,11480,181,351,0
P001,2026-01-26,9264,877,278,0
P001,2026-01-27,6152,901,304,0
P001,2026-01-28,11350,812,188,0
P001,2026-01-29,8381,1242,302,0
P001,2026-01-30,8339,1121,278,0
P001,2026-01-31,10586,756,236,0
P001,2026-02-01,8545,528,298,0
P001,2026-02-02,9525,969,245,0
P001,2026-02-03,7010,841,234,0
P001,2026-02-04,7930,919,309,0
P001,2026-02-05,11963,1019,294,0
P001,2026-02-06,9022,391,266,0
P001,2026-02-07,9224,1706,249,0
P001,2026-02-08,9586,957,152,0
P001,2026-02-09,10848,1193,348,0
P001,2026-02-10,7769,1388,128,0
P001,2026-02-11,10014,1624,170,0
P001,2026-02-12,8284,997,218,0
P001,2026-02-13,6807,988,162,0
P001,2026-02-14,9844,691,424,0
P001,2026-02-15,7958,870,350,0
P001,2026-02-16,7287,1035,399,0
P001,2026-02-17,6722,1022,295,0
P001,2026-02-18,10306,596,137,0
P001,2026-02-19,9916,1056,294,0
P001,2026-02-20,9653,763,292,0
P001,2026-02-21,9573,753,455,1
P001,2026-02-22,9844,610,334,0
P001,2026-02-23,7671,1203,384,0
P001,2026-02-24,7902,1256,310,0
P001,2026-02-25,10366,1536,244,0
P001,2026-02-26,8003,700,187,0
P001,2026-02-27,9018,1069,296,0
P001,2026-02-28,10374,971,414,0
P001,2026-03-01,8736,1783,331,0
P001,2026-03-02,7848,646,317,0
P001,2026-03-03,8798,1181,316,0
P001,2026-03-04,9024,713,117,0
P001,2026-03-05,8464,1224,290,0
P001,2026-03-06,7265,1019,307,0
P001,2026-03-07,7808,1013,274,0
P001,2026-03-08,7419,1074,325,0
P001,2026-03-09,10758,1283,131,0
P001,2026-03-10,7727,1122,320,0
P001,2026-03-11,9906,2123,326,0
P001,2026-03-12,10837,1253,334,0
P001,2026-03-13,8660,1195,191,0
P001,2026-03-14,8778,821,277,0
P001,2026-03-15,12605,407,337,0
P001,2026-03-16,6714,825,378,0
P001,2026-03-17,9230,644,197,0
P001,2026-03-18,10153,748,290,0
P001,2026-03-19,9202,772,483,0
P001,2026-03-20,10084,360,287,0
P001,2026-03-21,8141,1223,189,0
P001,2026-03-22,8961,1119,355,0
P001,2026-03-23,7333,867,221,0
P001,2026-03-24,8153,1497,309,0
P001,2026-03-25,7242,1242,481,0
P001,2026-03-26,10682,511,220,0
P001,2026-03-27,11034,755,313,0
P001,2026-03-28,10295,689,263,0
P001,2026-03-29,4271,660,243,0
P001,2026-03-30,7262,1457,126,0
P001,2026-03-31,8473,1006,413,0
P002,2026-01-01,8414,709,98,0
P002,2026-01-02,7362,766,136,0
P002,2026-01-03,6774,591,208,0
P002,2026-01-04,7662,1182,72,0
P002,2026-01-05,9869,121,181,0
P002,2026-01-06,7552,790,134,0
P002,2026-01-07,6357,558,137,0
P002,2026-01-08,7944,813,127,0
P002,2026-01-09,8019,798,277,0
P002,2026-01-10,7614,457,140,0
P002,2026-01-11,7790,889,194,0
P002,2026-01-12,6845,1089,137,0
P002,2026-01-13,7490,646,174,0
P002,2026-01-14,8317,954,278,0
P002,2026-01-15,8627,712,264,0
P002,2026-01-16,6204,803,183,0
P002,2026-01-17,6815,885,114,0
P002,2026-01-18,9808,404,75,0
P002,2026-01-19,8406,944,259,0
P002,2026-01-20,7612,702,106,0
P002,2026-01-21,6783,503,294,0
P002,2026-01-22,6449,459,164,0
P002,2026-01-23,7289,537,114,0
P002,2026-01-24,7035,780,145,0
P002,2026-01-25,5963,776,51,0
P002,2026-01-26,4558,491,175,0
P002,2026-01-27,7136,1149,282,0
P002,2026-01-28,6429,700,96,0
P002,2026-01-29,6642,620,228,0
P002,2026-01-30,5428,862,349,0
P002,2026-01-31,6506,827,265,0
P002,2026-02-01,6067,773,197,0
P002,2026-02-02,6816,474,199,0
P002,2026-02-03,7416,1142,292,0
P002,2026-02-04,9899,476,283,0
P002,2026-02-05,6944,1363,115,0
P002,2026-02-06,5410,526,20,0
P002,2026-02-07,5881,478,211,0
P002,2026-02-08,7182,1269,291,0
P002,2026-02-09,5804,437,245,0
P002,2026-02-10,4689,1256,314,0
P002,2026-02-11,5966,192,332,0
P002,2026-02-12,6497,1078,37,0
P002,2026-02-13,5770,708,201,0
P002,2026-02-14,5994,893,89,0
P002,2026-02-15,6456,742,248,0
P002,2026-02-16,7737,369,43,0
P002,2026-02-17,8586,806,121,0
P002,2026-02-18,8996,741,314,0
P002,2026-02-19,6771,1324,372,0
P002,2026-02-20,6296,998,261,0
P002,2026-02-21,8722,417,265,0
P002,2026-02-22,8257,179,78,0
P002,2026-02-23,3610,625,268,0
P002,2026-02-24,8923,728,359,0
P002,2026-02-25,4599,195,191,0
P002,2026-02-26,7245,696,20,0
P002,2026-02-27,6536,315,263,0
P002,2026-02-28,7219,424,145,0
P002,2026-03-01,5080,687,292,0
P002,2026-03-02,5191,857,143,0
P002,2026-03-03,5480,674,93,0
P002,2026-03-04,5839,347,393,0
P002,2026-03-05,6722,496,218,0
P002,2026-03-06,6501,640,258,0
P002,2026-03-07,7806,547,139,0
P002,2026-03-08,6257,100,45,0
P002,2026-03-09,8720,1200,171,0
P002,2026-03-10,7534,800,504,0
P002,2026-03-11,8349,668,101,0
P002,2026-03-12,4260,767,121,0
P002,2026-03-13,4536,512,88,0
P002,2026-03-14,9200,971,195,0
P002,2026-03-15,8889,729,110,0
P002,2026-03-16,8954,868,92,0
P002,2026-03-17,6384,443,58,0
P002,2026-03-18,8059,1279,56,0
P002,2026-03-19,7514,511,147,0
P002,2026-03-20,5781,447,201,0
P002,2026-03-21,5423,787,191,0
P002,2026-03-22,6311,434,138,0
P002,2026-03-23,7802,856,98,0
P002,2026-03-24,6818,932,29,0
P002,2026-03-25,7484,507,253,0
P002,2026-03-26,5524,165,33,0
P002,2026-03-27,6741,784,106,0
P002,2026-03-28,7627,208,190,0
P002,2026-03-29,4853,511,201,0
P002,2026-03-30,5379,591,297,0
P002,2026-03-31,5804,957,83,0
P003,2026-01-01,11338,230,190,0
P003,2026-01-02,10041,911,307,0
P003,2026-01-03,8270,998,254,0
P003,2026-01-04,10927,1048,304,0
P003,2026-01-05,8558,825,227,0
P003,2026-01-06,9767,845,299,0
P003,2026-01-07,12289,1233,237,0
P003,2026-01-08,10977,849,66,0
P003,2026-01-09,7663,410,235,0
P003,2026-01-10,9203,1474,303,0
P003,2026-01-11,8847,1220,49,0
P003,2026-01-12,9529,1203,122,0
P003,2026-01-13,10891,1073,228,0
P003,2026-01-14,10125,1653,288,0
P003,2026-01-15,9548,834,185,0
P003,2026-01-16,10421,715,277,0
P003,2026-01-17,8459,1115,303,0
P003,2026-01-18,10732,819,243,0
P003,2026-01-19,7707,838,308,0
P003,2026-01-20,10311,695,357,0
P003,2026-01-21,11209,1096,458,0
P003,2026-01-22,8015,598,92,0
P003,2026-01-23,11420,1168,264,0
P003,2026-01-24,9595,634,514,0
P003,2026-01-25,9369,1004,342,0
P003,2026-01-26,9897,1039,191,0
P003,2026-01-27,9883,1536,404,0
P003,2026-01-28,11565,818,171,1
P003,2026-01-29,8987,988,379,0
P003,2026-01-30,6637,1430,254,0
P003,2026-01-31,8535,668,104,1
P003,2026-02-01,10410,994,141,0
P003,2026-02-02,7233,871,437,0
P003,2026-02-03,8786,521,245,0
P003,2026-02-04,8766,162,264,0
P003,2026-02-05,8829,1180,455,0
P003,2026-02-06,10865,891,159,0
P003,2026-02-07,13036,989,271,0
P003,2026-02-08,9139,1031,255,0
P003,2026-02-09,8315,807,267,0
P003,2026-02-10,8360,758,281,1
P003,2026-02-11,8793,1423,20,0
P003,2026-02-12,10813,1345,63,0
P003,2026-02-13,8661,860,129,0
P003,2026-02-14,8009,638,445,0
P003,2026-02-15,10579,1353,342,0
P003,2026-02-16,7482,814,319,0
P003,2026-02-17,7342,1185,246,0
P003,2026-02-18,8613,1185,314,0
P003,2026-02-19,8634,1319,162,0
P003,2026-02-20,10099,1149,239,0
P003,2026-02-21,9665,596,362,0
P003,2026-02-22,8898,815,375,0
P003,2026-02-23,8119,549,114,0
P003,2026-02-24,10085,587,445,0
P003,2026-02-25,6053,1480,291,0
P003,2026-02-26,9030,808,310,0
P003,2026-02-27,9119,1303,281,0
P003,2026-02-28,9401,862,264,0
P003,2026-03-01,9637,458,135,0
P003,2026-03-02,10290,1023,251,0
P003,2026-03-03,9203,1076,216,0
P003,2026-03-04,8008,1030,172,0
P003,2026-03-05,9788,461,373,0
P003,2026-03-06,9884,1048,368,0
P003,2026-03-07,11674,1276,86,0
P003,2026-03-08,7256,784,272,0
P003,2026-03-09,9952,754,289,0
P003,2026-03-10,8042,788,129,0
P003,2026-03-11,7791,566,172,0
P003,2026-03-12,10756,687,533,1
P003,2026-03-13,9915,1027,184,0
P003,2026-03-14,10226,799,282,0
P003,2026-03-15,13016,943,385,0
P003,2026-03-16,8121,961,447,0
P003,2026-03-17,8235,1515,341,0
P003,2026-03-18,8332,1161,367,0
P003,2026-03-19,10108,500,197,0
P003,2026-03-20,8804,949,332,0
P003,2026-03-21,9442,571,308,0
P003,2026-03-22,10091,1139,378,0
P003,2026-03-23,10426,1109,263,0
P003,2026-03-24,6684,1100,291,0
P003,2026-03-25,9583,588,162,0
P003,2026-03-26,10755,960,338,0
P003,2026-03-27,9218,980,364,0
P003,2026-03-28,8401,1000,224,0
P003,2026-03-29,8524,879,292,0
P003,2026-03-30,8457,1348,180,0
P003,2026-03-31,8895,840,415,0
P004,2026-01-01,10298,481,284,0
P004,2026-01-02,10085,951,364,0
P004,2026-01-03,7975,1349,487,0
P004,2026-01-04,8206,793,403,0
P004,2026-01-05,11120,770,215,0
P004,2026-01-06,8328,523,166,0
P004,2026-01-07,7244,696,254,0
P004,2026-01-08,9102,1392,158,0
P004,2026-01-09,10227,862,252,0
P004,2026-01-10,9763,590,296,0
P004,2026-01-11,9000,1074,286,0
P004,2026-01-12,12434,735,204,0
P004,2026-01-13,7816,760,194,0
P004,2026-01-14,10534,1353,200,0
P004,2026-01-15,7502,1068,202,0
P004,2026-01-16,9700,987,106,0
P004,2026-01-17,11072,1465,196,0
P004,2026-01-18,8169,1012,291,0
P004,2026-01-19,9738,1530,240,0
P004,2026-01-20,7553,513,184,0
P004,2026-01-21,8701,1465,206,0
P004,2026-01-22,9086,922,376,0
P004,2026-01-23,12541,767,208,0
P004,2026-01-24,10317,1131,442,0
P004,2026-01-25,9626,819,316,0
P004,2026-01-26,10414,1173,308,0
P004,2026-01-27,10351,1277,396,0
P004,2026-01-28,9724,876,272,0
P004,2026-01-29,10560,681,294,0
P004,2026-01-30,8161,935,385,0
P004,2026-01-31,9037,940,121,0
P004,2026-02-01,9870,1120,474,1
P004,2026-02-02,8289,992,282,0
P004,2026-02-03,11117,898,285,0
P004,2026-02-04,9662,983,213,0
P004,2026-02-05,9042,1249,155,0
P004,2026-02-06,8950,716,377,0
P004,2026-02-07,6466,759,295,0
P004,2026-02-08,11099,907,202,0
P004,2026-02-09,11572,492,37,0
P004,2026-02-10,9411,776,155,0
P004,2026-02-11,9813,1000,201,0
P004,2026-02-12,6830,1188,322,0
P004,2026-02-13,8602,1481,150,0
P004,2026-02-14,6462,719,253,0
P004,2026-02-15,9116,854,293,0
P004,2026-02-16,6873,1360,249,0
P004,2026-02-17,10427,1029,303,0
P004,2026-02-18,9605,1061,322,0
P004,2026-02-19,10744,985,328,0
P004,2026-02-20,8616,1359,190,0
P004,2026-02-21,11452,914,114,0
P004,2026-02-22,8943,722,341,0
P004,2026-02-23,7772,793,68,0
P004,2026-02-24,8072,199,99,0
P004,2026-02-25,9891,1162,300,0
P004,2026-02-26,7300,912,257,0
P004,2026-02-27,7013,1378,345,0
P004,2026-02-28,8419,935,278,0
P004,2026-03-01,5688,852,189,0
P004,2026-03-02,7248,842,437,0
P004,2026-03-03,9712,755,315,0
P004,2026-03-04,10850,1204,263,0
P004,2026-03-05,7780,1136,297,0
P004,2026-03-06,10093,1117,362,0
P004,2026-03-07,7948,1322,277,0
P004,2026-03-08,11863,720,431,1
P004,2026-03-09,9047,731,209,0
P004,2026-03-10,8270,1054,310,0
P004,2026-03-11,7890,919,472,0
P004,2026-03-12,11342,1057,261,0
P004,2026-03-13,8931,1111,155,0
P004,2026-03-14,8365,426,297,0
P004,2026-03-15,9721,782,415,0
P004,2026-03-16,6912,487,280,0
P004,2026-03-17,10321,1432,211,0
P004,2026-03-18,10369,915,240,0
P004,2026-03-19,10076,1122,100,0
P004,2026-03-20,10965,1341,195,0
P004,2026-03-21,9344,1075,283,0
P004,2026-03-22,7925,725,255,0
P004,2026-03-23,10510,1090,220,0
P004,2026-03-24,9908,100,372,0
P004,2026-03-25,6141,818,145,0
P004,2026-03-26,6809,1275,211,0
P004,2026-03-27,9270,912,305,0
P004,2026-03-28,8866,542,357,0
P004,2026-03-29,8010,460,215,0
P004,2026-03-30,11002,1182,223,0
P004,2026-03-31,8227,830,465,0
P005,2026-01-01,9632,1261,288,0
P005,2026-01-02,8598,893,257,0
P005,2026-01-03,8931,1170,270,0
P005,2026-01-04,10086,927,272,0
P005,2026-01-05,5990,1226,299,0
P005,2026-01-06,10484,100,473,0
P005,2026-01-07,8778,1284,160,0
P005,2026-01-08,9906,636,202,0
P005,2026-01-09,11858,894,286,0
P005,2026-01-10,10292,1100,279,0
P005,2026-01-11,9534,1673,259,0
P005,2026-01-12,9289,1267,375,0
P005,2026-01-13,10768,1143,150,0
P005,2026-01-14,11437,608,295,0
P005,2026-01-15,7856,932,297,0
P005,2026-01-16,9469,1078,426,0
P005,2026-01-17,9667,878,361,0
P005,2026-01-18,10771,583,324,0
P005,2026-01-19,10039,862,402,0
P005,2026-01-20,8762,989,247,0
P005,2026-01-21,9010,623,120,0
P005,2026-01-22,11379,697,165,0
P005,2026-01-23,5757,760,132,0
P005,2026-01-24,11450,1255,196,0
P005,2026-01-25,12366,1246,232,0
P005,2026-01-26,5238,1639,125,0
P005,2026-01-27,6519,1258,508,0
P005,2026-01-28,11063,1121,324,0
P005,2026-01-29,10267,1179,292,0
P005,2026-01-30,9143,933,189,0
P005,2026-01-31,8566,444,254,0
P005,2026-02-01,7504,620,282,0
P005,2026-02-02,11075,1227,107,0
P005,2026-02-03,7503,1234,166,0
P005,2026-02-04,8650,1117,167,0
P005,2026-02-05,9145,551,204,0
P005,2026-02-06,9467,474,308,0
P005,2026-02-07,8958,1117,287,0
P005,2026-02-08,11033,989,221,0
P005,2026-02-09,9170,1115,269,0
P005,2026-02-10,9048,741,198,0
P005,2026-02-11,6883,1476,140,0
P005,2026-02-12,7948,736,354,0
P005,2026-02-13,8545,1326,197,0
P005,2026-02-14,9405,701,479,0
P005,2026-02-15,7206,1045,328,0
P005,2026-02-16,9608,896,251,0
P005,2026-02-17,9053,907,361,0
P005,2026-02-18,12303,784,127,0
P005,2026-02-19,8855,1725,184,0
P005,2026-02-20,11446,1455,209,0
P005,2026-02-21,9840,1440,226,0
P005,2026-02-22,8682,777,163,0
P005,2026-02-23,8013,584,268,0
P005,2026-02-24,7832,1022,109,0
P005,2026-02-25,9483,1202,65,0
P005,2026-02-26,9548,1320,143,0
P005,2026-02-27,11496,1077,194,0
P005,2026-02-28,8903,1119,272,0
P005,2026-03-01,9795,675,281,0
P005,2026-03-02,6866,918,174,0
P005,2026-03-03,7884,1322,373,0
P005,2026-03-04,9901,624,233,0
P005,2026-03-05,10807,994,496,0
P005,2026-03-06,9577,1009,233,0
P005,2026-03-07,9187,906,335,0
P005,2026-03-08,10422,716,131,0
P005,2026-03-09,6233,1104,154,0
P005,2026-03-10,5758,1068,514,1
P005,2026-03-11,8978,1203,273,0
P005,2026-03-12,8839,1227,235,0
P005,2026-03-13,9388,1048,198,0
P005,2026-03-14,10475,899,189,0
P005,2026-03-15,9792,682,267,0
P005,2026-03-16,8973,1277,312,0
P005,2026-03-17,8949,1197,403,0
P005,2026-03-18,9824,955,133,0
P005,2026-03-19,7389,860,203,0
P005,2026-03-20,8707,969,317,0
P005,2026-03-21,8881,1098,271,0
P005,2026-03-22,6024,670,250,0
P005,2026-03-23,7172,1132,417,0
P005,2026-03-24,10815,888,413,0
P005,2026-03-25,9210,850,203,0
P005,2026-03-26,8533,835,281,0
P005,2026-03-27,9228,952,308,0
P005,2026-03-28,10773,1236,116,0
P005,2026-03-29,5156,1232,128,0
P005,2026-03-30,8650,601,84,0
P005,2026-03-31,9799,1179,207,0
P006,2026-01-01,4377,668,20,0
P006,2026-01-02,5471,546,211,0
P006,2026-01-03,5376,258,272,0
P006,2026-01-04,4959,542,60,0
P006,2026-01-05,4531,285,136,0
P006,2026-01-06,7764,139,20,0
P006,2026-01-07,7403,487,86,0
P006,2026-01-08,6756,369,335,0
P006,2026-01-09,6213,404,369,0
P006,2026-01-10,4288,773,183,0
P006,2026-01-11,7149,1019,156,0
P006,2026-01-12,4066,688,85,0
P006,2026-01-13,8217,591,116,0
P006,2026-01-14,5473,146,56,0
P006,2026-01-15,6997,353,48,0
P006,2026-01-16,6001,906,225,0
P006,2026-01-17,6690,323,20,0
P006,2026-01-18,7448,453,128,0
P006,2026-01-19,7189,717,198,0
P006,2026-01-20,8444,357,246,0
P006,2026-01-21,5282,631,306,0
P006,2026-01-22,5958,712,260,0
P006,2026-01-23,4649,298,48,0
P006,2026-01-24,2247,1167,43,0
P006,2026-01-25,4865,467,184,0
P006,2026-01-26,6420,808,95,0
P006,2026-01-27,4946,635,128,0
P006,2026-01-28,7607,698,226,0
P006,2026-01-29,6191,902,171,0
P006,2026-01-30,3251,670,88,0
P006,2026-01-31,4403,726,277,0
P006,2026-02-01,5228,643,323,0
P006,2026-02-02,5558,1331,209,0
P006,2026-02-03,2555,776,191,0
P006,2026-02-04,7131,752,139,0
P006,2026-02-05,3360,488,68,0
P006,2026-02-06,4326,727,320,0
P006,2026-02-07,5788,191,197,0
P006,2026-02-08,6991,367,139,0
P006,2026-02-09,5218,315,218,0
P006,2026-02-10,5015,676,64,0
P006,2026-02-11,4540,767,116,0
P006,2026-02-12,7787,430,175,0
P006,2026-02-13,6595,125,20,0
P006,2026-02-14,2908,929,98,0
P006,2026-02-15,9034,381,171,0
P006,2026-02-16,7510,1152,359,0
P006,2026-02-17,7009,857,212,0
P006,2026-02-18,6364,385,71,0
P006,2026-02-19,5191,499,108,0
P006,2026-02-20,6241,837,162,0
P006,2026-02-21,7413,208,133,0
P006,2026-02-22,4121,100,145,0
P006,2026-02-23,5014,1004,216,0
P006,2026-02-24,3660,1106,275,0
P006,2026-02-25,6070,482,57,0
P006,2026-02-26,4638,877,341,0
P006,2026-02-27,7511,404,41,0
P006,2026-02-28,5408,100,185,0
P006,2026-03-01,4975,410,20,0
P006,2026-03-02,5967,390,36,0
P006,2026-03-03,2000,542,330,0
P006,2026-03-04,7688,413,93,0
P006,2026-03-05,5900,251,183,0
P006,2026-03-06,6346,918,143,0
P006,2026-03-07,4891,287,70,0
P006,2026-03-08,4857,660,244,0
P006,2026-03-09,3992,998,126,0
P006,2026-03-10,5164,326,20,0
P006,2026-03-11,6522,771,125,0
P006,2026-03-12,5297,705,20,0
P006,2026-03-13,4403,788,27,0
P006,2026-03-14,5637,143,199,0
P006,2026-03-15,5143,100,269,0
P006,2026-03-16,4095,307,173,0
P006,2026-03-17,6919,245,159,0
P006,2026-03-18,5840,758,170,0
P006,2026-03-19,4646,302,161,0
P006,2026-03-20,3588,100,196,0
P006,2026-03-21,6552,100,52,0
P006,2026-03-22,6125,1167,155,0
P006,2026-03-23,4104,495,290,0
P006,2026-03-24,4227,310,105,0
P006,2026-03-25,3766,587,315,0
P006,2026-03-26,5681,475,124,0
P006,2026-03-27,2852,815,145,0
P006,2026-03-28,4926,1508,183,0
P006,2026-03-29,4069,422,268,0
P006,2026-03-30,5366,119,245,0
P006,2026-03-31,4194,1112,261,0
P007,2026-01-01,9851,860,319,0
P007,2026-01-02,8657,586,169,0
P007,2026-01-03,9475,739,193,0
P007,2026-01-04,6497,967,439,0
P007,2026-01-05,6328,847,374,0
P007,2026-01-06,7810,975,127,0
P007,2026-01-07,8572,783,332,0
P007,2026-01-08,9711,1616,291,0
P007,2026-01-09,8418,898,198,0
P007,2026-01-10,8437,751,250,0
P007,2026-01-11,9906,538,347,0
P007,2026-01-12,9905,804,21,0
P007,2026-01-13,7018,1229,231,0
P007,2026-01-14,6431,688,317,0
P007,2026-01-15,8750,768,197,0
P007,2026-01-16,7342,563,395,0
P007,2026-01-17,7446,1205,385,0
P007,2026-01-18,9427,710,274,0
P007,2026-01-19,7893,569,266,0
P007,2026-01-20,6161,1196,187,0
P007,2026-01-21,8231,925,207,0
P007,2026-01-22,8810,697,320,0
P007,2026-01-23,5911,878,427,0
P007,2026-01-24,6429,636,285,0
P007,2026-01-25,8199,945,282,0
P007,2026-01-26,8882,1173,274,0
P007,2026-01-27,7568,1041,423,0
P007,2026-01-28,7731,547,344,0
P007,2026-01-29,7749,188,318,0
P007,2026-01-30,7127,812,266,0
P007,2026-01-31,8215,1052,190,0
P007,2026-02-01,8699,762,307,0
P007,2026-02-02,8853,559,342,0
P007,2026-02-03,7126,1082,270,0
P007,2026-02-04,10687,773,198,0
P007,2026-02-05,7901,749,313,0
P007,2026-02-06,5505,524,126,0
P007,2026-02-07,9355,1353,223,0
P007,2026-02-08,7676,861,349,0
P007,2026-02-09,6539,911,331,0
P007,2026-02-10,8681,896,333,0
P007,2026-02-11,3875,1043,168,0
P007,2026-02-12,5184,993,371,0
P007,2026-02-13,7723,1125,394,0
P007,2026-02-14,9902,1332,307,0
P007,2026-02-15,8043,359,209,0
P007,2026-02-16,6665,1491,216,0
P007,2026-02-17,8114,1005,238,0
P007,2026-02-18,10472,653,253,0
P007,2026-02-19,6816,444,172,0
P007,2026-02-20,7874,711,164,0
P007,2026-02-21,5820,815,83,0
P007,2026-02-22,9070,864,87,0
P007,2026-02-23,7466,614,265,0
P007,2026-02-24,9940,277,245,0
P007,2026-02-25,7689,1041,255,0
P007,2026-02-26,6802,744,154,0
P007,2026-02-27,9544,846,423,0
P007,2026-02-28,7839,627,82,0
P007,2026-03-01,5225,364,260,0
P007,2026-03-02,8693,365,323,0
P007,2026-03-03,7205,884,394,0
P007,2026-03-04,9275,759,144,0
P007,2026-03-05,4702,624,212,0
P007,2026-03-06,6449,800,241,0
P007,2026-03-07,7592,645,250,0
P007,2026-03-08,8593,512,374,0
P007,2026-03-09,7782,845,304,0
P007,2026-03-10,8279,1126,262,0
P007,2026-03-11,7011,948,119,0
P007,2026-03-12,8093,830,212,0
P007,2026-03-13,7737,275,178,0
P007,2026-03-14,8069,888,130,0
P007,2026-03-15,9828,580,330,0
P007,2026-03-16,8570,646,411,1
P007,2026-03-17,6139,1115,333,0
P007,2026-03-18,6924,1257,208,0
P007,2026-03-19,8363,918,220,0
P007,2026-03-20,9146,1078,58,0
P007,2026-03-21,9886,341,336,0
P007,2026-03-22,9620,512,192,0
P007,2026-03-23,6271,775,202,0
P007,2026-03-24,9099,1233,373,0
P007,2026-03-25,7086,777,65,0
P007,2026-03-26,6721,1129,395,0
P007,2026-03-27,6078,662,231,0
P007,2026-03-28,8350,597,276,0
P007,2026-03-29,7219,835,288,0
P007,2026-03-30,7939,709,222,0
P007,2026-03-31,7797,729,207,0
P008,2026-01-01,11380,1027,380,0
P008,2026-01-02,10038,1468,347,0
P008,2026-01-03,10377,1250,153,0
P008,2026-01-04,8848,758,324,0
P008,2026-01-05,13137,1785,374,0
P008,2026-01-06,11290,576,256,0
P008,2026-01-07,9357,930,293,0
P008,2026-01-08,9830,522,385,0
P008,2026-01-09,8929,1188,517,1
P008,2026-01-10,9159,357,281,0
P008,2026-01-11,12190,1703,187,0
P008,2026-01-12,11283,976,299,0
P008,2026-01-13,14505,665,335,0
P008,2026-01-14,11240,1442,320,0
P008,2026-01-15,11000,998,337,0
P008,2026-01-16,10023,1302,273,0
P008,2026-01-17,11104,1107,423,0
P008,2026-01-18,10461,584,436,1
P008,2026-01-19,9180,920,250,0
P008,2026-01-20,12600,475,624,0
P008,2026-01-21,12122,1183,304,0
P008,2026-01-22,10967,1272,374,0
P008,2026-01-23,11372,1143,290,0
P008,2026-01-24,10311,1057,423,0
P008,2026-01-25,11429,234,376,0
P008,2026-01-26,10830,1110,271,0
P008,2026-01-27,12224,1400,233,0
P008,2026-01-28,11149,824,172,0
P008,2026-01-29,9598,1375,405,0
P008,2026-01-30,11308,1333,362,0
P008,2026-01-31,9576,1245,390,0
P008,2026-02-01,11670,1472,381,0
P008,2026-02-02,11065,1437,307,0
P008,2026-02-03,9215,1067,235,0
P008,2026-02-04,9526,1072,231,0
P008,2026-02-05,10076,548,331,0
P008,2026-02-06,10540,871,376,0
P008,2026-02-07,11945,634,234,0
P008,2026-02-08,9385,834,393,0
P008,2026-02-09,10248,1036,110,0
P008,2026-02-10,11491,744,316,0
P008,2026-02-11,10954,1524,179,0
P008,2026-02-12,6009,1171,490,0
P008,2026-02-13,12397,1179,261,0
P008,2026-02-14,11749,824,358,0
P008,2026-02-15,11296,1434,586,0
P008,2026-02-16,11127,963,307,0
P008,2026-02-17,7885,907,269,0
P008,2026-02-18,9752,1162,228,0
P008,2026-02-19,12220,1116,309,0
P008,2026-02-20,10046,1162,392,0
P008,2026-02-21,9238,918,280,0
P008,2026-02-22,8519,870,262,0
P008,2026-02-23,11850,1195,329,0
P008,2026-02-24,11815,1075,349,0
P008,2026-02-25,10383,1195,252,0
P008,2026-02-26,6880,1076,452,1
P008,2026-02-27,11928,1405,434,1
P008,2026-02-28,10671,1175,248,0
P008,2026-03-01,10064,1301,430,0
P008,2026-03-02,10329,981,310,0
P008,2026-03-03,11440,683,80,0
P008,2026-03-04,9712,750,259,0
P008,2026-03-05,10317,980,455,0
P008,2026-03-06,11028,1206,372,0
P008,2026-03-07,8830,1428,302,0
P008,2026-03-08,11544,794,155,0
P008,2026-03-09,11765,1229,220,0
P008,2026-03-10,9234,1453,191,0
P008,2026-03-11,13002,846,374,0
P008,2026-03-12,10045,1297,256,0
P008,2026-03-13,10294,1128,210,0
P008,2026-03-14,11650,962,287,0
P008,2026-03-15,9047,347,291,0
P008,2026-03-16,14157,1351,308,0
P008,2026-03-17,10144,1123,365,0
P008,2026-03-18,8767,1450,381,0
P008,2026-03-19,11616,1247,312,0
P008,2026-03-20,11548,1293,275,0
P008,2026-03-21,9678,1146,465,1
P008,2026-03-22,8680,676,326,0
P008,2026-03-23,10615,1168,334,0
P008,2026-03-24,10203,1563,150,0
P008,2026-03-25,9296,1085,146,0
P008,2026-03-26,10274,1614,312,0
P008,2026-03-27,10884,738,248,0
P008,2026-03-28,9975,1021,438,0
P008,2026-03-29,11375,782,335,0
P008,2026-03-30,11286,1458,468,0
P008,2026-03-31,9016,873,184,0
P009,2026-01-01,8901,1165,234,0
P009,2026-01-02,7722,914,158,0
P009,2026-01-03,11336,386,260,0
P009,2026-01-04,11237,870,222,0
P009,2026-01-05,7665,814,379,0
P009,2026-01-06,4884,1328,99,0
P009,2026-01-07,7802,740,300,0
P009,2026-01-08,5804,1007,444,0
P009,2026-01-09,6157,925,175,0
P009,2026-01-10,8840,874,177,0
P009,2026-01-11,8933,1410,222,0
P009,2026-01-12,9281,480,146,0
P009,2026-01-13,8910,1314,277,0
P009,2026-01-14,7732,868,116,0
P009,2026-01-15,9108,1133,196,0
P009,2026-01-16,7497,948,198,0
P009,2026-01-17,8102,1498,217,0
P009,2026-01-18,7664,674,316,0
P009,2026-01-19,7930,674,373,0
P009,2026-01-20,10331,688,55,0
P009,2026-01-21,9713,663,320,0
P009,2026-01-22,5246,1136,120,0
P009,2026-01-23,9298,873,146,0
P009,2026-01-24,7591,1074,252,0
P009,2026-01-25,9078,1461,85,0
P009,2026-01-26,10627,900,151,0
P009,2026-01-27,6206,812,333,0
P009,2026-01-28,8010,1322,96,0
P009,2026-01-29,8183,493,278,0
P009,2026-01-30,9532,742,20,0
P009,2026-01-31,8500,999,282,0
P009,2026-02-01,10055,547,309,0
P009,2026-02-02,9990,335,273,0
P009,2026-02-03,7445,844,276,0
P009,2026-02-04,7471,666,245,0
P009,2026-02-05,6571,543,309,0
P009,2026-02-06,6478,1068,287,0
P009,2026-02-07,5613,665,361,0
P009,2026-02-08,6730,729,287,0
P009,2026-02-09,9377,793,181,0
P009,2026-02-10,10335,1390,339,0
P009,2026-02-11,8330,626,158,0
P009,2026-02-12,8985,994,381,0
P009,2026-02-13,9177,417,346,0
P009,2026-02-14,6705,753,266,0
P009,2026-02-15,11195,1801,302,0
P009,2026-02-16,7927,1029,330,0
P009,2026-02-17,7721,1407,264,0
P009,2026-02-18,8948,1068,283,0
P009,2026-02-19,9460,683,185,0
P009,2026-02-20,6551,1000,319,0
P009,2026-02-21,8888,1371,241,0
P009,2026-02-22,9205,541,203,0
P009,2026-02-23,9245,1123,212,0
P009,2026-02-24,8094,413,206,0
P009,2026-02-25,9537,1041,291,0
P009,2026-02-26,8276,871,175,0
P009,2026-02-27,9250,995,290,0
P009,2026-02-28,7413,222,351,0
P009,2026-03-01,7483,610,311,0
P009,2026-03-02,7614,1186,303,0
P009,2026-03-03,9227,459,362,0
P009,2026-03-04,8594,758,256,0
P009,2026-03-05,5537,991,138,0
P009,2026-03-06,6173,412,352,0
P009,2026-03-07,7258,1329,188,0
P009,2026-03-08,5641,533,365,0
P009,2026-03-09,7968,704,257,0
P009,2026-03-10,8954,1204,386,0
P009,2026-03-11,7662,471,200,0
P009,2026-03-12,8592,579,146,0
P009,2026-03-13,8717,854,245,0
P009,2026-03-14,7064,799,149,0
P009,2026-03-15,9537,1179,57,0
P009,2026-03-16,6807,419,176,0
P009,2026-03-17,8076,434,149,0
P009,2026-03-18,6696,931,248,0
P009,2026-03-19,7119,921,187,0
P009,2026-03-20,7794,1370,375,0
P009,2026-03-21,6252,1117,322,0
P009,2026-03-22,6479,1114,395,0
P009,2026-03-23,6518,593,343,0
P009,2026-03-24,8609,1034,275,0
P009,2026-03-25,8788,470,346,0
P009,2026-03-26,9956,800,237,0
P009,2026-03-27,5905,1023,298,0
P009,2026-03-28,8108,1206,208,0
P009,2026-03-29,9049,563,239,0
P009,2026-03-30,7940,936,204,0
P009,2026-03-31,8004,1116,198,0
P010,2026-01-01,9076,1098,61,0
P010,2026-01-02,7486,532,216,0
P010,2026-01-03,6893,613,111,0
P010,2026-01-04,5416,408,107,0
P010,2026-01-05,6351,468,258,0
P010,2026-01-06,8682,509,214,0
P010,2026-01-07,7201,825,197,0
P010,2026-01-08,7566,828,66,0
P010,2026-01-09,7755,949,113,0
P010,2026-01-10,6509,888,169,0
P010,2026-01-11,8061,1392,111,0
P010,2026-01-12,4380,774,262,0
P010,2026-01-13,6105,1119,56,0
P010,2026-01-14,7491,501,362,0
P010,2026-01-15,9440,453,135,0
P010,2026-01-16,7741,567,185,0
P010,2026-01-17,6490,107,188,0
P010,2026-01-18,5417,535,334,0
P010,2026-01-19,4567,927,162,0
P010,2026-01-20,6032,920,224,0
P010,2026-01-21,7308,974,157,0
P010,2026-01-22,5533,358,107,0
P010,2026-01-23,10875,1057,55,0
P010,2026-01-24,4468,828,244,0
P010,2026-01-25,7275,607,177,0
P010,2026-01-26,6943,709,20,0
P010,2026-01-27,6107,428,207,0
P010,2026-01-28,10930,793,158,0
P010,2026-01-29,7834,828,232,0
P010,2026-01-30,7362,1300,77,0
P010,2026-01-31,7162,405,245,0
P010,2026-02-01,5074,558,160,0
P010,2026-02-02,7915,959,65,0
P010,2026-02-03,6534,470,64,0
P010,2026-02-04,6126,591,432,1
P010,2026-02-05,7101,270,133,0
P010,2026-02-06,7984,1310,31,0
P010,2026-02-07,3632,1244,229,0
P010,2026-02-08,5149,844,20,0
P010,2026-02-09,6457,781,282,0
P010,2026-02-10,4931,709,97,0
P010,2026-02-11,6835,415,149,0
P010,2026-02-12,4958,878,276,0
P010,2026-02-13,6100,695,45,0
P010,2026-02-14,6002,668,452,1
P010,2026-02-15,4784,1122,289,0
P010,2026-02-16,6873,1211,227,0
P010,2026-02-17,7035,667,312,0
P010,2026-02-18,8096,495,58,0
P010,2026-02-19,6147,443,183,0
P010,2026-02-20,8308,546,185,0
P010,2026-02-21,6539,938,20,0
P010,2026-02-22,5542,746,310,0
P010,2026-02-23,5714,120,252,0
P010,2026-02-24,5499,326,127,0
P010,2026-02-25,6175,502,20,0
P010,2026-02-26,7797,1066,255,0
P010,2026-02-27,4745,623,189,0
P010,2026-02-28,7350,884,116,0
P010,2026-03-01,6575,820,335,0
P010,2026-03-02,7508,920,198,0
P010,2026-03-03,8567,806,104,0
P010,2026-03-04,8557,892,145,0
P010,2026-03-05,5732,772,236,0
P010,2026-03-06,6748,777,360,0
P010,2026-03-07,8059,740,284,0
P010,2026-03-08,4903,802,371,0
P010,2026-03-09,6125,429,125,0
P010,2026-03-10,4817,448,153,0
P010,2026-03-11,4343,688,280,0
P010,2026-03-12,5090,1139,241,0
P010,2026-03-13,7997,486,275,0
P010,2026-03-14,4814,950,207,0
P010,2026-03-15,7281,330,100,0
P010,2026-03-16,7347,399,236,0
P010,2026-03-17,4401,938,67,0
P010,2026-03-18,7280,871,120,0
P010,2026-03-19,7325,761,136,0
P010,2026-03-20,4939,100,225,0
P010,2026-03-21,4104,712,163,0
P010,2026-03-22,7470,592,157,0
P010,2026-03-23,7549,784,221,0
P010,2026-03-24,7156,222,265,0
P010,2026-03-25,7370,378,165,0
P010,2026-03-26,6393,643,223,0
P010,2026-03-27,8599,1008,59,0
P010,2026-03-28,7385,1082,228,0
P010,2026-03-29,8088,1287,292,0
P010,2026-03-30,6826,997,204,0
P010,2026-03-31,6487,578,346,0
P011,2026-01-01,9755,939,79,0
P011,2026-01-02,8008,160,282,0
P011,2026-01-03,8784,612,232,0
P011,2026-01-04,10388,638,113,0
P011,2026-01-05,9679,1378,220,0
P011,2026-01-06,8974,1192,145,0
P011,2026-01-07,6729,1159,388,0
P011,2026-01-08,8301,526,418,0
P011,2026-01-09,6660,689,254,0
P011,2026-01-10,9788,1046,261,0
P011,2026-01-11,8151,803,275,0
P011,2026-01-12,3662,701,243,0
P011,2026-01-13,5730,905,199,0
P011,2026-01-14,10090,1261,173,0
P011,2026-01-15,7230,767,174,0
P011,2026-01-16,7749,562,106,0
P011,2026-01-17,8391,978,139,0
P011,2026-01-18,8800,600,245,1
P011,2026-01-19,8687,779,265,0
P011,2026-01-20,6682,731,199,0
P011,2026-01-21,6337,736,64,0
P011,2026-01-22,6720,704,194,0
P011,2026-01-23,7094,771,267,0
P011,2026-01-24,8768,595,99,0
P011,2026-01-25,5893,643,184,0
P011,2026-01-26,6302,401,174,0
P011,2026-01-27,7729,968,164,0
P011,2026-01-28,6837,512,216,0
P011,2026-01-29,6184,961,41,0
P011,2026-01-30,6917,880,238,0
P011,2026-01-31,11496,894,119,0
P011,2026-02-01,7313,257,211,0
P011,2026-02-02,6207,1064,164,0
P011,2026-02-03,7281,599,393,0
P011,2026-02-04,6975,1339,301,0
P011,2026-02-05,8180,900,259,0
P011,2026-02-06,4565,706,304,0
P011,2026-02-07,7383,368,214,0
P011,2026-02-08,10013,1164,213,0
P011,2026-02-09,8884,680,49,0
P011,2026-02-10,6070,1258,192,0
P011,2026-02-11,7091,700,410,0
P011,2026-02-12,9895,1455,203,0
P011,2026-02-13,7900,335,367,0
P011,2026-02-14,5705,855,110,0
P011,2026-02-15,6573,538,159,0
P011,2026-02-16,6648,625,303,0
P011,2026-02-17,5799,856,341,0
P011,2026-02-18,6687,574,196,0
P011,2026-02-19,9226,848,166,0
P011,2026-02-20,8182,459,287,0
P011,2026-02-21,8069,697,135,0
P011,2026-02-22,6126,950,342,0
P011,2026-02-23,6501,927,20,0
P011,2026-02-24,6580,780,128,0
P011,2026-02-25,6052,589,249,0
P011,2026-02-26,7176,118,20,0
P011,2026-02-27,6546,927,20,0
P011,2026-02-28,6707,632,358,0
P011,2026-03-01,6879,904,233,0
P011,2026-03-02,4261,1020,241,0
P011,2026-03-03,8219,1967,20,0
P011,2026-03-04,10044,703,248,0
P011,2026-03-05,7388,662,162,0
P011,2026-03-06,7951,334,294,0
P011,2026-03-07,6832,450,174,0
P011,2026-03-08,9342,629,255,0
P011,2026-03-09,6360,1017,288,0
P011,2026-03-10,10229,737,286,0
P011,2026-03-11,7604,1178,147,0
P011,2026-03-12,8574,731,213,0
P011,2026-03-13,7594,865,208,0
P011,2026-03-14,7779,1263,318,0
P011,2026-03-15,8760,653,130,1
P011,2026-03-16,8889,1052,367,0
P011,2026-03-17,6551,721,55,0
P011,2026-03-18,6868,1088,173,0
P011,2026-03-19,8417,732,252,0
P011,2026-03-20,5735,815,20,0
P011,2026-03-21,7176,300,340,0
P011,2026-03-22,8623,930,371,0
P011,2026-03-23,6033,1314,313,0
P011,2026-03-24,7102,1130,109,0
P011,2026-03-25,6220,607,166,0
P011,2026-03-26,5872,1156,193,0
P011,2026-03-27,7985,618,37,0
P011,2026-03-28,7862,216,212,0
P011,2026-03-29,5404,1386,310,0
P011,2026-03-30,7615,1169,135,0
P011,2026-03-31,8272,849,246,0
P012,2026-01-01,11221,1158,132,0
P012,2026-01-02,8682,1035,307,0
P012,2026-01-03,8427,1795,449,0
P012,2026-01-04,11025,1093,276,0
P012,2026-01-05,8694,1095,323,0
P012,2026-01-06,8260,1172,282,0
P012,2026-01-07,7261,814,256,0
P012,2026-01-08,12954,1239,164,0
P012,2026-01-09,10851,608,406,0
P012,2026-01-10,9416,1044,430,0
P012,2026-01-11,8192,653,239,0
P012,2026-01-12,11680,616,20,0
P012,2026-01-13,9446,1237,418,0
P012,2026-01-14,9428,948,413,0
P012,2026-01-15,7318,955,317,0
P012,2026-01-16,10796,919,301,0
P012,2026-01-17,6390,874,343,0
P012,2026-01-18,8649,1089,342,0
P012,2026-01-19,9608,1123,201,0
P012,2026-01-20,9812,1255,313,0
P012,2026-01-21,9242,1139,369,0
P012,2026-01-22,7047,1419,264,0
P012,2026-01-23,10760,1431,161,0
P012,2026-01-24,9058,985,219,0
P012,2026-01-25,12725,815,242,0
P012,2026-01-26,10429,711,258,0
P012,2026-01-27,10598,972,288,0
P012,2026-01-28,9328,617,330,0
P012,2026-01-29,12755,1077,320,0
P012,2026-01-30,11161,691,468,0
P012,2026-01-31,10426,1561,224,0
P012,2026-02-01,12849,1304,353,0
P012,2026-02-02,10473,997,418,0
P012,2026-02-03,10333,482,186,0
P012,2026-02-04,9843,1165,292,0
P012,2026-02-05,11951,486,312,0
P012,2026-02-06,7395,1300,288,0
P012,2026-02-07,10752,813,426,1
P012,2026-02-08,11685,1247,285,0
P012,2026-02-09,10992,860,383,0
P012,2026-02-10,12596,1393,225,0
P012,2026-02-11,10664,684,355,0
P012,2026-02-12,10798,511,182,0
P012,2026-02-13,9698,982,177,0
P012,2026-02-14,10706,1147,278,0
P012,2026-02-15,8989,1386,463,0
P012,2026-02-16,9397,888,347,0
P012,2026-02-17,9585,1030,372,0
P012,2026-02-18,7258,1467,305,0
P012,2026-02-19,9505,1045,294,0
P012,2026-02-20,7525,1520,302,0
P012,2026-02-21,10787,1357,196,0
P012,2026-02-22,10832,991,382,0
P012,2026-02-23,6931,1042,237,0
P012,2026-02-24,10771,1213,227,0
P012,2026-02-25,9054,1039,208,0
P012,2026-02-26,11385,961,20,0
P012,2026-02-27,9560,760,135,0
P012,2026-02-28,8266,1105,431,0
P012,2026-03-01,10592,890,343,0
P012,2026-03-02,9434,863,182,0
P012,2026-03-03,7495,955,314,0
P012,2026-03-04,9977,947,203,0
P012,2026-03-05,11035,677,375,0
P012,2026-03-06,8619,846,151,0
P012,2026-03-07,9370,1364,349,0
P012,2026-03-08,11590,1228,187,0
P012,2026-03-09,9626,838,431,1
P012,2026-03-10,8327,1340,387,0
P012,2026-03-11,12867,949,369,0
P012,2026-03-12,13545,886,144,1
P012,2026-03-13,7302,1286,109,0
P012,2026-03-14,9564,1203,316,0
P012,2026-03-15,10760,1138,426,0
P012,2026-03-16,8694,869,220,0
P012,2026-03-17,11368,1342,343,0
P012,2026-03-18,11897,718,464,0
P012,2026-03-19,12407,1292,476,0
P012,2026-03-20,7637,914,224,0
P012,2026-03-21,11204,757,373,0
P012,2026-03-22,12178,1280,326,0
P012,2026-03-23,8640,818,423,0
P012,2026-03-24,11291,1060,256,0
P012,2026-03-25,7084,751,489,0
P012,2026-03-26,8202,1129,398,0
P012,2026-03-27,8240,1127,392,0
P012,2026-03-28,10141,1932,131,0
P012,2026-03-29,11710,1020,375,0
P012,2026-03-30,10784,852,321,0
P012,2026-03-31,7335,1253,328,0
P013,2026-01-01,10901,1097,289,0
P013,2026-01-02,7993,773,393,0
P013,2026-01-03,11469,915,279,0
P013,2026-01-04,7957,1338,340,0
P013,2026-01-05,12226,723,236,0
P013,2026-01-06,9661,1180,252,0
P013,2026-01-07,8005,1251,346,0
P013,2026-01-08,7940,1393,391,0
P013,2026-01-09,9516,1010,329,0
P013,2026-01-10,8022,995,59,0
P013,2026-01-11,10629,518,424,1
P013,2026-01-12,8819,923,211,0
P013,2026-01-13,8882,1412,25,0
P013,2026-01-14,11230,1088,153,0
P013,2026-01-15,7701,1489,179,0
P013,2026-01-16,7584,1327,308,0
P013,2026-01-17,7907,1051,171,0
P013,2026-01-18,10966,1305,327,0
P013,2026-01-19,9857,1515,274,0
P013,2026-01-20,7541,1121,483,0
P013,2026-01-21,7792,878,316,0
P013,2026-01-22,9233,692,386,0
P013,2026-01-23,12794,1045,184,0
P013,2026-01-24,6991,1064,384,0
P013,2026-01-25,10027,985,215,0
P013,2026-01-26,7676,1237,365,0
P013,2026-01-27,6996,1463,331,0
P013,2026-01-28,11414,584,137,0
P013,2026-01-29,9091,1137,454,0
P013,2026-01-30,10373,913,171,0
P013,2026-01-31,11159,697,437,0
P013,2026-02-01,8888,1463,342,0
P013,2026-02-02,9109,830,240,0
P013,2026-02-03,9957,1009,215,0
P013,2026-02-04,9066,1010,61,0
P013,2026-02-05,10002,692,159,0
P013,2026-02-06,6783,448,138,0
P013,2026-02-07,8251,1572,221,0
P013,2026-02-08,9581,1106,287,0
P013,2026-02-09,9198,628,419,0
P013,2026-02-10,12025,481,172,0
P013,2026-02-11,8895,697,325,0
P013,2026-02-12,8222,1636,393,0
P013,2026-02-13,9633,1294,385,0
P013,2026-02-14,8468,741,282,0
P013,2026-02-15,10607,1028,116,0
P013,2026-02-16,8110,964,266,0
P013,2026-02-17,12273,570,325,0
P013,2026-02-18,11548,1668,234,0
P013,2026-02-19,10051,1157,293,0
P013,2026-02-20,9166,1117,21,0
P013,2026-02-21,10337,1024,252,0
P013,2026-02-22,12385,784,234,0
P013,2026-02-23,12302,737,219,0
P013,2026-02-24,9094,1238,295,0
P013,2026-02-25,7375,827,213,0
P013,2026-02-26,9198,1114,316,0
P013,2026-02-27,6650,1305,299,0
P013,2026-02-28,11391,1119,384,0
P013,2026-03-01,10014,1390,326,0
P013,2026-03-02,9167,1668,363,0
P013,2026-03-03,10175,603,145,0
P013,2026-03-04,9753,1030,213,0
P013,2026-03-05,9526,1463,343,0
P013,2026-03-06,7603,953,193,0
P013,2026-03-07,8733,862,226,0
P013,2026-03-08,7432,948,218,0
P013,2026-03-09,4920,1602,383,0
P013,2026-03-10,8750,992,157,0
P013,2026-03-11,11858,1555,290,0
P013,2026-03-12,10850,1039,140,0
P013,2026-03-13,8697,1026,228,0
P013,2026-03-14,8986,959,266,0
P013,2026-03-15,9393,668,202,0
P013,2026-03-16,7387,1280,63,0
P013,2026-03-17,11045,1402,244,0
P013,2026-03-18,5410,878,268,0
P013,2026-03-19,7798,832,427,0
P013,2026-03-20,10312,709,114,0
P013,2026-03-21,8824,922,324,0
P013,2026-03-22,8511,1140,467,0
P013,2026-03-23,10538,972,256,0
P013,2026-03-24,8779,1340,211,1
P013,2026-03-25,9382,1002,224,0
P013,2026-03-26,7256,1083,268,0
P013,2026-03-27,10065,826,396,0
P013,2026-03-28,7999,1500,99,0
P013,2026-03-29,9966,1129,194,0
P013,2026-03-30,9951,1370,52,0
P013,2026-03-31,10068,238,177,0
P014,2026-01-01,9705,768,291,0
P014,2026-01-02,13679,570,206,0
P014,2026-01-03,12823,1677,301,0
P014,2026-01-04,8719,1749,471,0
P014,2026-01-05,11596,876,306,0
P014,2026-01-06,10337,1219,456,0
P014,2026-01-07,11896,797,449,0
P014,2026-01-08,11047,1326,458,1
P014,2026-01-09,8910,1109,258,0
P014,2026-01-10,8225,1224,562,1
P014,2026-01-11,7817,1110,375,0
P014,2026-01-12,10762,1086,181,0
P014,2026-01-13,10926,893,92,0
P014,2026-01-14,12369,1407,316,0
P014,2026-01-15,10921,1442,334,0
P014,2026-01-16,11933,1031,442,0
P014,2026-01-17,11058,1178,184,0
P014,2026-01-18,11008,870,247,0
P014,2026-01-19,9354,800,524,0
P014,2026-01-20,12574,1696,189,0
P014,2026-01-21,10684,732,242,0
P014,2026-01-22,9200,1492,271,0
P014,2026-01-23,12180,1301,541,0
P014,2026-01-24,8358,1498,426,0
P014,2026-01-25,9117,1422,345,0
P014,2026-01-26,10236,873,239,0
P014,2026-01-27,13652,1120,389,0
P014,2026-01-28,9391,886,419,0
P014,2026-01-29,8553,995,314,0
P014,2026-01-30,10744,1066,351,0
P014,2026-01-31,11616,1340,213,0
P014,2026-02-01,10151,1478,401,0
P014,2026-02-02,8518,1225,113,0
P014,2026-02-03,10648,1689,216,0
P014,2026-02-04,9326,1349,157,0
P014,2026-02-05,9628,1299,248,0
P014,2026-02-06,10223,1343,353,0
P014,2026-02-07,10977,1018,348,0
P014,2026-02-08,10392,1257,261,0
P014,2026-02-09,10303,823,308,0
P014,2026-02-10,9361,786,337,0
P014,2026-02-11,10896,1355,268,0
P014,2026-02-12,11189,1285,356,0
P014,2026-02-13,9339,1165,348,0
P014,2026-02-14,10588,494,327,0
P014,2026-02-15,13896,1012,238,0
P014,2026-02-16,11137,1214,430,0
P014,2026-02-17,8690,1339,370,0
P014,2026-02-18,10364,1222,414,0
P014,2026-02-19,11886,777,393,0
P014,2026-02-20,10480,1142,318,0
P014,2026-02-21,10352,1477,303,0
P014,2026-02-22,8898,1002,329,0
P014,2026-02-23,12421,1301,226,0
P014,2026-02-24,14305,1199,439,0
P014,2026-02-25,10350,1280,395,0
P014,2026-02-26,12404,1437,398,0
P014,2026-02-27,10105,948,344,0
P014,2026-02-28,11977,1053,418,0
P014,2026-03-01,12756,845,227,0
P014,2026-03-02,10367,1212,259,0
P014,2026-03-03,12605,1247,315,0
P014,2026-03-04,8423,725,339,0
P014,2026-03-05,7378,1424,295,0
P014,2026-03-06,15442,1812,293,0
P014,2026-03-07,10418,1419,481,0
P014,2026-03-08,8120,584,249,0
P014,2026-03-09,11451,1269,418,0
P014,2026-03-10,8778,425,397,0
P014,2026-03-11,9335,514,326,0
P014,2026-03-12,11767,1083,265,0
P014,2026-03-13,10338,1009,176,0
P014,2026-03-14,9505,1276,343,0
P014,2026-03-15,10829,821,293,0
P014,2026-03-16,7312,1173,454,1
P014,2026-03-17,8366,944,344,0
P014,2026-03-18,12456,985,242,0
P014,2026-03-19,7624,1151,515,0
P014,2026-03-20,10993,1113,343,0
P014,2026-03-21,10561,876,393,0
P014,2026-03-22,10916,1125,214,0
P014,2026-03-23,12532,1319,256,0
P014,2026-03-24,12080,971,233,0
P014,2026-03-25,9438,589,358,0
P014,2026-03-26,7830,751,104,0
P014,2026-03-27,10448,1075,278,0
P014,2026-03-28,9013,768,358,0
P014,2026-03-29,9751,1215,223,0
P014,2026-03-30,10849,1511,370,0
P014,2026-03-31,9959,1197,287,0
P015,2026-01-01,8022,852,272,0
P015,2026-01-02,7020,596,111,0
P015,2026-01-03,6110,536,266,0
P015,2026-01-04,7171,1055,254,0
P015,2026-01-05,5557,1098,331,0
P015,2026-01-06,7019,1027,165,0
P015,2026-01-07,8657,522,71,0
P015,2026-01-08,7936,864,211,0
P015,2026-01-09,6734,781,277,0
P015,2026-01-10,8443,956,183,0
P015,2026-01-11,10268,548,299,0
P015,2026-01-12,10283,1045,230,0
P015,2026-01-13,7718,1212,108,0
P015,2026-01-14,7055,782,374,0
P015,2026-01-15,9080,611,219,0
P015,2026-01-16,7589,688,348,0
P015,2026-01-17,6452,1384,333,0
P015,2026-01-18,10146,762,235,0
P015,2026-01-19,6360,744,300,0
P015,2026-01-20,10454,569,214,0
P015,2026-01-21,8283,482,309,0
P015,2026-01-22,7424,842,205,0
P015,2026-01-23,7326,899,229,0
P015,2026-01-24,7952,683,282,0
P015,2026-01-25,10990,943,350,0
P015,2026-01-26,6425,948,141,0
P015,2026-01-27,6295,679,369,0
P015,2026-01-28,9935,974,97,0
P015,2026-01-29,8216,992,268,0
P015,2026-01-30,5744,634,244,0
P015,2026-01-31,9314,242,234,0
P015,2026-02-01,8725,1156,320,0
P015,2026-02-02,9384,661,59,0
P015,2026-02-03,7920,1202,390,0
P015,2026-02-04,9576,1030,288,0
P015,2026-02-05,7676,862,417,1
P015,2026-02-06,7096,1385,218,0
P015,2026-02-07,10498,479,309,0
P015,2026-02-08,7405,476,272,0
P015,2026-02-09,10024,648,100,0
P015,2026-02-10,8372,875,305,0
P015,2026-02-11,9934,883,436,1
P015,2026-02-12,8846,797,89,0
P015,2026-02-13,8116,800,346,0
P015,2026-02-14,9204,547,268,0
P015,2026-02-15,9517,1359,339,0
P015,2026-02-16,9651,919,289,0
P015,2026-02-17,10384,501,215,0
P015,2026-02-18,7351,1015,373,0
P015,2026-02-19,7615,184,209,0
P015,2026-02-20,9880,1062,293,0
P015,2026-02-21,8090,517,302,0
P015,2026-02-22,7259,1556,307,0
P015,2026-02-23,7639,718,241,0
P015,2026-02-24,8151,1236,269,0
P015,2026-02-25,7413,1468,255,0
P015,2026-02-26,9663,719,287,0
P015,2026-02-27,8977,334,452,0
P015,2026-02-28,10446,782,140,0
P015,2026-03-01,9031,927,286,0
P015,2026-03-02,8797,1053,395,0
P015,2026-03-03,9362,586,387,0
P015,2026-03-04,10971,1847,138,0
P015,2026-03-05,8874,276,306,0
P015,2026-03-06,7688,1478,173,0
P015,2026-03-07,5976,760,53,0
P015,2026-03-08,9637,282,253,0
P015,2026-03-09,5393,805,415,1
P015,2026-03-10,9051,642,247,0
P015,2026-03-11,8537,1043,114,0
P015,2026-03-12,9399,100,187,0
P015,2026-03-13,7778,1091,253,0
P015,2026-03-14,6402,606,270,0
P015,2026-03-15,8391,727,202,0
P015,2026-03-16,9554,746,241,0
P015,2026-03-17,11765,474,65,0
P015,2026-03-18,9685,697,218,0
P015,2026-03-19,7338,823,410,0
P015,2026-03-20,9713,1160,109,0
P015,2026-03-21,6783,100,169,0
P015,2026-03-22,9945,1056,228,0
P015,2026-03-23,8477,694,271,0
P015,2026-03-24,9659,416,280,0
P015,2026-03-25,9909,777,320,0
P015,2026-03-26,12732,870,290,0
P015,2026-03-27,7403,955,296,0
P015,2026-03-28,8802,595,271,0
P015,2026-03-29,10703,1036,346,0
P015,2026-03-30,8155,1126,278,0
P015,2026-03-31,7084,997,151,0
P016,2026-01-01,7977,904,107,0
P016,2026-01-02,9274,986,156,0
P016,2026-01-03,5387,771,182,0
P016,2026-01-04,7863,706,26,0
P016,2026-01-05,7111,723,290,0
P016,2026-01-06,6646,1318,35,0
P016,2026-01-07,9660,747,312,0
P016,2026-01-08,7813,1156,188,0
P016,2026-01-09,6045,1241,215,0
P016,2026-01-10,8025,1185,123,0
P016,2026-01-11,8586,638,213,0
P016,2026-01-12,7801,364,148,0
P016,2026-01-13,9720,1080,220,0
P016,2026-01-14,8058,726,362,0
P016,2026-01-15,7393,884,341,0
P016,2026-01-16,6527,1282,73,0
P016,2026-01-17,10138,703,202,0
P016,2026-01-18,4858,678,122,1
P016,2026-01-19,6782,773,322,0
P016,2026-01-20,8004,907,117,0
P016,2026-01-21,6372,1354,153,0
P016,2026-01-22,10177,742,226,0
P016,2026-01-23,9299,1196,215,0
P016,2026-01-24,7111,798,260,0
P016,2026-01-25,9030,816,288,0
P016,2026-01-26,10151,929,257,0
P016,2026-01-27,5415,100,265,0
P016,2026-01-28,7551,660,251,0
P016,2026-01-29,7602,1153,235,0
P016,2026-01-30,6573,1112,205,0
P016,2026-01-31,8483,671,161,0
P016,2026-02-01,7819,818,274,0
P016,2026-02-02,7290,264,183,0
P016,2026-02-03,8884,725,202,0
P016,2026-02-04,9173,601,72,0
P016,2026-02-05,7452,669,130,0
P016,2026-02-06,7430,962,225,0
P016,2026-02-07,8154,1359,192,0
P016,2026-02-08,8111,662,142,0
P016,2026-02-09,6816,671,262,0
P016,2026-02-10,11217,600,185,0
P016,2026-02-11,7598,933,253,0
P016,2026-02-12,9619,100,20,0
P016,2026-02-13,6949,1144,70,0
P016,2026-02-14,3182,986,251,0
P016,2026-02-15,6058,519,129,0
P016,2026-02-16,7859,627,276,0
P016,2026-02-17,3411,558,114,0
P016,2026-02-18,7309,653,306,0
P016,2026-02-19,4904,828,282,0
P016,2026-02-20,10478,670,259,0
P016,2026-02-21,4987,100,311,0
P016,2026-02-22,7685,1168,89,0
P016,2026-02-23,8473,1375,268,0
P016,2026-02-24,8108,817,69,0
P016,2026-02-25,9726,631,277,0
P016,2026-02-26,5349,461,370,0
P016,2026-02-27,7172,1251,218,0
P016,2026-02-28,4930,1082,167,0
P016,2026-03-01,8741,822,72,0
P016,2026-03-02,7940,1473,276,0
P016,2026-03-03,7607,1137,247,0
P016,2026-03-04,8007,487,250,0
P016,2026-03-05,9246,564,369,0
P016,2026-03-06,7556,548,326,0
P016,2026-03-07,7263,1042,197,0
P016,2026-03-08,7603,963,255,0
P016,2026-03-09,4700,478,319,0
P016,2026-03-10,7495,657,90,0
P016,2026-03-11,6073,208,216,0
P016,2026-03-12,6795,525,219,0
P016,2026-03-13,8239,1443,75,0
P016,2026-03-14,9432,1106,148,0
P016,2026-03-15,7998,677,245,0
P016,2026-03-16,9957,996,277,0
P016,2026-03-17,7048,369,205,0
P016,2026-03-18,9503,356,121,0
P016,2026-03-19,7882,519,147,0
P016,2026-03-20,7058,405,129,0
P016,2026-03-21,8748,422,66,0
P016,2026-03-22,6748,1034,207,0
P016,2026-03-23,6996,828,52,0
P016,2026-03-24,8435,930,185,0
P016,2026-03-25,9202,476,339,0
P016,2026-03-26,7925,714,224,0
P016,2026-03-27,7532,1181,119,0
P016,2026-03-28,6549,1125,167,0
P016,2026-03-29,9044,1324,186,0
P016,2026-03-30,8715,468,302,0
P016,2026-03-31,7992,956,162,0
P017,2026-01-01,7137,100,156,0
P017,2026-01-02,7794,733,383,0
P017,2026-01-03,7920,480,190,0
P017,2026-01-04,6311,201,94,0
P017,2026-01-05,5541,100,192,0
P017,2026-01-06,6009,174,228,0
P017,2026-01-07,7456,744,155,0
P017,2026-01-08,7269,880,218,0
P017,2026-01-09,5145,759,307,0
P017,2026-01-10,5487,1305,135,0
P017,2026-01-11,6431,474,210,0
P017,2026-01-12,3769,512,78,0
P017,2026-01-13,6585,974,252,0
P017,2026-01-14,2825,1288,217,0
P017,2026-01-15,5217,723,205,0
P017,2026-01-16,5382,735,127,0
P017,2026-01-17,5776,470,44,0
P017,2026-01-18,6601,851,239,0
P017,2026-01-19,7612,773,134,0
P017,2026-01-20,7642,268,98,0
P017,2026-01-21,4936,1000,282,0
P017,2026-01-22,7113,997,100,0
P017,2026-01-23,6905,638,272,0
P017,2026-01-24,6209,560,242,0
P017,2026-01-25,7696,475,182,0
P017,2026-01-26,4794,100,208,0
P017,2026-01-27,7295,754,20,0
P017,2026-01-28,5856,100,325,0
P017,2026-01-29,4753,1052,282,0
P017,2026-01-30,5031,336,223,0
P017,2026-01-31,5116,706,139,0
P017,2026-02-01,3710,100,210,0
P017,2026-02-02,5540,510,257,0
P017,2026-02-03,8142,594,154,0
P017,2026-02-04,7132,269,210,0
P017,2026-02-05,7210,880,20,0
P017,2026-02-06,5240,412,198,0
P017,2026-02-07,7103,1125,138,0
P017,2026-02-08,5636,1021,217,0
P017,2026-02-09,8284,762,72,0
P017,2026-02-10,4382,210,254,0
P017,2026-02-11,8165,1231,272,0
P017,2026-02-12,8126,502,72,0
P017,2026-02-13,7657,801,198,0
P017,2026-02-14,6963,773,316,0
P017,2026-02-15,8325,839,272,0
P017,2026-02-16,7153,537,263,0
P017,2026-02-17,4290,992,68,0
P017,2026-02-18,6811,422,243,0
P017,2026-02-19,6331,197,230,0
P017,2026-02-20,5515,940,188,0
P017,2026-02-21,6975,388,129,0
P017,2026-02-22,5694,933,355,0
P017,2026-02-23,5174,999,20,0
P017,2026-02-24,4591,388,52,0
P017,2026-02-25,4007,800,166,0
P017,2026-02-26,6951,883,214,0
P017,2026-02-27,7369,655,69,0
P017,2026-02-28,7969,499,94,0
P017,2026-03-01,6115,402,146,0
P017,2026-03-02,6898,780,98,0
P017,2026-03-03,5651,998,237,0
P017,2026-03-04,9495,1030,302,0
P017,2026-03-05,4300,905,182,0
P017,2026-03-06,5556,726,282,0
P017,2026-03-07,7133,412,262,0
P017,2026-03-08,5426,741,157,0
P017,2026-03-09,6054,906,84,0
P017,2026-03-10,9300,129,128,0
P017,2026-03-11,6937,851,178,0
P017,2026-03-12,6296,799,165,0
P017,2026-03-13,8472,928,275,0
P017,2026-03-14,4933,652,158,0
P017,2026-03-15,4874,784,134,0
P017,2026-03-16,7365,355,360,0
P017,2026-03-17,5038,742,267,0
P017,2026-03-18,5526,931,65,0
P017,2026-03-19,8560,680,128,0
P017,2026-03-20,5933,918,129,0
P017,2026-03-21,5258,609,70,0
P017,2026-03-22,9113,506,271,0
P017,2026-03-23,6696,380,187,0
P017,2026-03-24,7558,619,307,0
P017,2026-03-25,7914,951,142,0
P017,2026-03-26,4762,492,207,0
P017,2026-03-27,7201,100,187,0
P017,2026-03-28,6619,592,317,0
P017,2026-03-29,7015,1069,166,0
P017,2026-03-30,7788,1166,319,0
P017,2026-03-31,4744,600,153,0
P018,2026-01-01,10153,714,275,0
P018,2026-01-02,6094,1399,217,0
P018,2026-01-03,9208,873,383,0
P018,2026-01-04,4868,961,258,0
P018,2026-01-05,8443,1484,180,0
P018,2026-01-06,10281,1073,394,0
P018,2026-01-07,8123,746,378,0
P018,2026-01-08,9762,503,214,0
P018,2026-01-09,9703,1217,200,0
P018,2026-01-10,4752,1123,146,0
P018,2026-01-11,6098,116,350,0
P018,2026-01-12,9317,898,407,0
P018,2026-01-13,10080,1451,129,0
P018,2026-01-14,9072,481,245,0
P018,2026-01-15,8751,1154,273,0
P018,2026-01-16,10059,1177,484,0
P018,2026-01-17,8651,684,293,0
P018,2026-01-18,7920,1411,240,0
P018,2026-01-19,8275,825,340,0
P018,2026-01-20,8887,774,435,0
P018,2026-01-21,7840,977,334,0
P018,2026-01-22,6677,1110,163,0
P018,2026-01-23,10358,677,338,0
P018,2026-01-24,10783,1224,293,0
P018,2026-01-25,8777,793,415,0
P018,2026-01-26,8075,655,335,0
P018,2026-01-27,7930,681,124,0
P018,2026-01-28,8399,941,293,0
P018,2026-01-29,10551,1124,249,0
P018,2026-01-30,8827,1119,396,0
P018,2026-01-31,9313,825,169,0
P018,2026-02-01,6956,1166,326,0
P018,2026-02-02,9990,927,409,1
P018,2026-02-03,8398,1253,264,0
P018,2026-02-04,8211,1144,309,0
P018,2026-02-05,9659,990,265,0
P018,2026-02-06,12706,1321,341,0
P018,2026-02-07,9291,1268,320,0
P018,2026-02-08,9163,875,260,0
P018,2026-02-09,4368,1029,219,0
P018,2026-02-10,11513,972,149,0
P018,2026-02-11,9049,652,316,0
P018,2026-02-12,9560,1253,189,0
P018,2026-02-13,9175,557,338,0
P018,2026-02-14,9902,1115,269,0
P018,2026-02-15,9746,1447,240,0
P018,2026-02-16,9332,640,182,0
P018,2026-02-17,9271,1297,243,0
P018,2026-02-18,8770,844,215,0
P018,2026-02-19,9566,517,396,0
P018,2026-02-20,8126,1183,141,0
P018,2026-02-21,10127,1168,307,0
P018,2026-02-22,7632,1041,150,0
P018,2026-02-23,8745,1275,348,0
P018,2026-02-24,9147,674,333,0
P018,2026-02-25,9153,270,347,0
P018,2026-02-26,9087,1327,159,0
P018,2026-02-27,4359,1050,298,0
P018,2026-02-28,6588,672,544,0
P018,2026-03-01,8665,1185,203,0
P018,2026-03-02,5988,915,242,0
P018,2026-03-03,8524,932,295,0
P018,2026-03-04,8899,587,317,0
P018,2026-03-05,6200,351,342,0
P018,2026-03-06,9884,949,129,0
P018,2026-03-07,8062,887,109,0
P018,2026-03-08,8015,1162,411,0
P018,2026-03-09,8495,1193,77,0
P018,2026-03-10,10113,725,299,0
P018,2026-03-11,8752,1362,181,0
P018,2026-03-12,10065,882,253,0
P018,2026-03-13,8848,712,267,0
P018,2026-03-14,9030,1038,277,0
P018,2026-03-15,10321,1243,163,0
P018,2026-03-16,10427,610,327,0
P018,2026-03-17,10053,393,278,0
P018,2026-03-18,8421,738,403,1
P018,2026-03-19,8143,724,276,0
P018,2026-03-20,10152,924,385,0
P018,2026-03-21,9920,313,215,0
P018,2026-03-22,8281,1110,20,0
P018,2026-03-23,12947,1125,283,0
P018,2026-03-24,10896,1669,355,0
P018,2026-03-25,10547,1005,254,0
P018,2026-03-26,8410,718,200,0
P018,2026-03-27,7098,943,100,0
P018,2026-03-28,9410,955,283,0
P018,2026-03-29,8341,1889,404,0
P018,2026-03-30,7257,1036,208,0
P018,2026-03-31,7602,564,312,0
P019,2026-01-01,9083,1106,362,0
P019,2026-01-02,6353,951,288,0
P019,2026-01-03,6920,576,385,0
P019,2026-01-04,7972,999,142,0
P019,2026-01-05,5802,637,212,0
P019,2026-01-06,6035,805,56,0
P019,2026-01-07,5951,1009,285,0
P019,2026-01-08,7043,503,122,0
P019,2026-01-09,7071,1001,317,0
P019,2026-01-10,6886,462,251,0
P019,2026-01-11,6396,653,357,0
P019,2026-01-12,8872,855,97,0
P019,2026-01-13,7948,1127,187,0
P019,2026-01-14,9658,1196,391,0
P019,2026-01-15,8089,984,366,0
P019,2026-01-16,8302,658,180,0
P019,2026-01-17,7989,421,210,0
P019,2026-01-18,9276,151,378,0
P019,2026-01-19,9315,670,279,0
P019,2026-01-20,7636,1177,323,0
P019,2026-01-21,5531,984,204,0
P019,2026-01-22,7755,590,399,0
P019,2026-01-23,9191,586,91,0
P019,2026-01-24,7053,938,248,0
P019,2026-01-25,9511,1045,321,0
P019,2026-01-26,8122,391,205,1
P019,2026-01-27,9221,793,275,0
P019,2026-01-28,7153,499,212,0
P019,2026-01-29,8095,611,201,0
P019,2026-01-30,6222,1144,195,0
P019,2026-01-31,9810,1267,216,0
P019,2026-02-01,6119,182,77,0
P019,2026-02-02,5570,1222,236,0
P019,2026-02-03,8216,142,105,0
P019,2026-02-04,8962,894,210,0
P019,2026-02-05,8479,1299,202,0
P019,2026-02-06,7735,866,464,0
P019,2026-02-07,4482,1013,213,0
P019,2026-02-08,8481,611,220,0
P019,2026-02-09,8698,1742,305,0
P019,2026-02-10,6359,681,179,0
P019,2026-02-11,4938,709,298,0
P019,2026-02-12,5720,1123,273,0
P019,2026-02-13,6530,766,384,0
P019,2026-02-14,8732,811,201,0
P019,2026-02-15,7746,654,20,0
P019,2026-02-16,10695,855,264,0
P019,2026-02-17,7544,587,206,0
P019,2026-02-18,5232,1491,101,0
P019,2026-02-19,6083,676,353,0
P019,2026-02-20,7653,437,350,0
P019,2026-02-21,8728,970,296,0
P019,2026-02-22,11223,1464,156,0
P019,2026-02-23,10067,923,274,0
P019,2026-02-24,5093,757,143,0
P019,2026-02-25,8873,1129,20,0
P019,2026-02-26,7598,1145,206,0
P019,2026-02-27,8725,913,259,0
P019,2026-02-28,7224,443,112,0
P019,2026-03-01,8695,814,211,0
P019,2026-03-02,6995,716,329,0
P019,2026-03-03,7128,406,299,0
P019,2026-03-04,7324,817,385,0
P019,2026-03-05,7600,895,107,0
P019,2026-03-06,7302,991,69,0
P019,2026-03-07,7933,838,229,0
P019,2026-03-08,9187,908,372,0
P019,2026-03-09,6141,849,233,0
P019,2026-03-10,6027,1095,457,0
P019,2026-03-11,7606,960,233,0
P019,2026-03-12,6561,262,154,0
P019,2026-03-13,5543,1319,213,0
P019,2026-03-14,7112,1075,112,0
P019,2026-03-15,6481,828,327,0
P019,2026-03-16,8384,883,232,0
P019,2026-03-17,8232,869,121,0
P019,2026-03-18,7700,486,233,0
P019,2026-03-19,6910,1570,220,0
P019,2026-03-20,5525,768,276,0
P019,2026-03-21,10141,631,66,0
P019,2026-03-22,8856,394,181,0
P019,2026-03-23,7245,787,293,0
P019,2026-03-24,6606,726,223,0
P019,2026-03-25,7856,837,268,0
P019,2026-03-26,8897,926,270,0
P019,2026-03-27,5258,823,272,0
P019,2026-03-28,8725,600,159,0
P019,2026-03-29,6770,969,328,0
P019,2026-03-30,7020,1080,237,0
P019,2026-03-31,7445,745,299,0
